method,split,si_sdr,psnr
identity,test,7.499893935062884,44.24087204996745
notch,test,7.042813778154862,43.92799612935384
best,test,26.30389130147298,62.79164571126302
