{"val_si_sdr":15.9827241897583,"best_si_sdr":15.9827241897583,"_wandb":{"runtime":112},"epoch":2,"train_loss":0.1028250977396965,"_step":1,"_timestamp":1.7533397216727118e+09,"val_loss":0.23464202880859375,"_runtime":112.554592}